Chicago,0,This is the short description of job 0,,2002-10-28
Chicago,3,This is the short description of job 3,300,2002-10-28
Chicago,7,This is the short description of job 7,700,2002-11-05
6400,2002-10-20
New York,71,This is the short description of job 71,7100,2002-11-08
New York,73,This is the short description of job 73,7300,2002-11-03
New York,78,This is the short description of job 78,7800,2002-10-24
New York,82,This is the short description of job 82,8200,2002-10-24
New York,88,This is the short description of job 88,8800,2002-10-20
New York,90,This is the short description of job 90,9000,2002-10-22
New York,91,This is the short description of job 91 This is the short description of job 91,9100,2002-10-22
New York,92,This is the short description of job 92,9200,2002-10-26
New York,93,This is the short description of job 93,9300,2002-10-27
New York,95,This is the short description of job 95,9500,2002-10-30
New York,97,This is the short description of job 97,9700,2002-10-22
Chicago,0,This is the short description of job 0,,2002-10-28
Chicago,3,This is the short description of job 3,300,2002-10-28
Chicago,7,This is the short description of job 7,700,2002-11-05
6400,2002-10-20
New York,71,This is the short description of job 71,7100,2002-11-08
New York,73,This is the short description of job 73,7300,2002-11-03
New York,78,This is the short description of job 78,7800,2002-10-24
New York,82,This is the short description of job 82,8200,2002-10-24
New York,88,This is the short description of job 88,8800,2002-10-20
New York,90,This is the short description of job 90,9000,2002-10-22
New York,91,This is the short description of job 91 This is the short description of job 91,9100,2002-10-22
New York,92,This is the short description of job 92,9200,2002-10-26
Chicago,0,This is the short description of job 0,,2002-10-28
Chicago,3,This is the short description of job 3,300,2002-10-28
Chicago,7,This is the short description of job 7,700,2002-11-05
6400,2002-10-20
New York,71,This is the short description of job 71,7100,2002-11-08
New York,73,This is the short description of job 73,7300,2002-11-03
New York,78,This is the short description of job 78,7800,2002-10-24
New York,82,This is the short description of job 82,8200,2002-10-24
New York,88,This is the short description of job 88,8800,2002-10-20
New York,90,This is the short description of job 90,9000,2002-10-22
New York,91,This is the short description of job 91 This is the short description of job 91,9100,2002-10-22
New York,92,This is the short description of job 92,9200,2002-10-26
Chicago,0,This is the short description of job 0,,2002-10-28
Chicago,3,This is the short description of job 3,300,2002-10-28
Chicago,7,This is the short description of job 7,700,2002-11-05
6400,2002-10-20
New York,71,This is the short description of job 71,7100,2002-11-08
New York,73,This is the short description of job 73,7300,2002-11-03
New York,78,This is the short description of job 78,7800,2002-10-24
New York,82,This is the short description of job 82,8200,2002-10-24
New York,88,This is the short description of job 88,8800,2002-10-20
New York,90,This is the short description of job 90,9000,2002-10-22
New York,91,This is the short description of job 91 This is the short description of job 91,9100,2002-10-22
New York,92,This is the short description of job 92,9200,2002-10-26
Chicago,0,This is the short description of job 0,,2002-10-28
Chicago,3,This is the short description of job 3,300,2002-10-28
Chicago,7,This is the short description of job 7,700,2002-11-05
6400,2002-10-20
Chicago,3,This is the short description of job 3,300,2002-10-28
Chicago,7,This is the short description of job 7,700,2002-11-05
6400,2002-10-20
New York,71,This is the short description of job 71,7100,2002-11-08
New York,73,This is the short description of job 73,7300,2002-11-03
New York,78,This is the short description of job 78,7800,2002-10-24
New York,82,This is the short description of job 82,8200,2002-10-24
New York,88,This is the short description of job 88,8800,2002-10-20
New York,90,This is the short description of job 90,9000,2002-10-22
New York,91,This is the short description of job 91 This is the short description of job 91,9100,2002-10-22
New York,92,This is the short description of job 92,9200,2002-10-26
Chicago,0,This is the short description of job 0,,2002-10-28
Chicago,3,This is the short description of job 3,300,2002-10-28
Chicago,7,This is the short description of job 7,700,2002-11-05
6400,2002-10-20
New York,71,This is the short description of job 71,7100,2002-11-08
New York,73,This is the short description of job 73,7300,2002-11-03
New York,78,This is the short description of job 78,7800,2002-10-24
New York,82,This is the short description of job 82,8200,2002-10-24
New York,88,This is the short description of job 88,8800,2002-10-20
New York,90,This is the short description of job 90,9000,2002-10-22
New York,91,This is the short description of job 91 This is the short description of job 91,9100,2002-10-22
New York,92,This is the short description of job 92,9200,2002-10-26
Chicago,0,This is the short description of job 0,,2002-10-28
Chicago,3,This is the short description of job 3,300,2002-10-28
Chicago,7,This is the short description of job 7,700,2002-11-05
New York,71,This is the short description of job 71,7100,2002-11-08
New York,73,This is the short description of job 73,7300,2002-11-03
New York,78,This is the short description of job 78,7800,2002-10-24
New York,82,This is the short description of job 82,8200,2002-10-24
New York,88,This is the short description of job 88,8800,2002-10-20
New York,90,This is the short description of job 90,9000,2002-10-22
New York,91,This is the short description of job 91 This is the short description of job 91,9100,2002-10-22
New York,92,This is the short description of job 92,9200,2002-10-26
Chicago,0,This is the short description of job 0,,2002-10-28
Chicago,3,This is the short description of job 3,300,2002-10-28
Chicago,7,This is the short description of job 7,700,2002-11-05
6400,2002-10-20
New York,71,This is the short description of job 71,7100,2002-11-08
New York,73,This is the short description of job 73,7300,2002-11-03
New York,78,This is the short description of job 78,7800,2002-10-24
New York,82,This is the short description of job 82,8200,2002-10-24
New York,88,This is the short description of job 88,8800,2002-10-20
New York,90,This is the short description of job 90,9000,2002-10-22
New York,91,This is the short description of job 91 This is the short description of job 91,9100,2002-10-22
New York,92,This is the short description of job 92,9200,2002-10-26
Chicago,0,This is the short description of job 0,,2002-10-28
Chicago,3,This is the short description of job 3,300,2002-10-28
Chicago,7,This is the short description of job 7,700,2002-11-05
6400,2002-10-20
New York,71,This is the short description of job 71,7100,2002-11-08
New York,73,This is the short description of job 73,7300,2002-11-03
New York,78,This is the short description of job 78,7800,2002-10-24
New York,82,This is the short description of job 82,8200,2002-10-24
New York,88,This is the short description of job 88,8800,2002-10-20
New York,90,This is the short description of job 90,9000,2002-10-22
New York,91,This is the short description of job 91 This is the short description of job 91,9100,2002-10-22
New York,92,This is the short description of job 92,9200,2002-10-26
